,이름,주소,위도,경도
0,이마트 용산점,서울특별시 용산구 한강대로23길 55,37.5301906,126.9651428
1,이마트 용산점,서울특별시 용산구 한강대로23길 55,37.5301906,126.9651428
2,이마트 용산점,서울특별시 용산구 한강대로23길 55,37.5301906,126.9651428
3,이마트 용산점,서울특별시 용산구 한강대로23길 55,37.5301906,126.9651428
4,이마트 용산점,서울특별시 용산구 한강대로23길 55,37.5301906,126.9651428
5,이마트 용산점,서울특별시 용산구 한강대로23길 55,37.5301906,126.9651428
6,이마트 용산점,서울특별시 용산구 한강대로23길 55,37.5301906,126.9651428
7,이마트 용산점,서울특별시 용산구 한강대로23길 55,37.5301906,126.9651428
8,이마트 용산점,서울특별시 용산구 한강대로23길 55,37.5301906,126.9651428
9,이마트 용산점,서울특별시 용산구 한강대로23길 55,37.5301906,126.9651428
10,이마트 용산점,서울특별시 용산구 한강대로23길 55,37.5301906,126.9651428
11,이마트 용산점,서울특별시 용산구 한강대로23길 55,37.5301906,126.9651428
12,이마트 용산점,서울특별시 용산구 한강대로23길 55,37.5301906,126.9651428
13,이마트 용산점,서울특별시 용산구 한강대로23길 55,37.5301906,126.9651428
14,이마트 용산점,서울특별시 용산구 한강대로23길 55,37.5301906,126.9651428
15,이마트 용산점,서울특별시 용산구 한강대로23길 55,37.5301906,126.9651428
16,이마트 용산점,서울특별시 용산구 한강대로23길 55,37.5301906,126.9651428
17,이마트 미아점,서울특별시 성북구 길음동 도봉로 17,37.6094509,127.0301309
18,이마트 미아점,서울특별시 성북구 길음동 도봉로 17,37.6094509,127.0301309
19,이마트 미아점,서울특별시 성북구 길음동 도봉로 17,37.6094509,127.0301309
20,이마트 미아점,서울특별시 성북구 길음동 도봉로 17,37.6094509,127.0301309
21,이마트 미아점,서울특별시 성북구 길음동 도봉로 17,37.6094509,127.0301309
22,이마트 미아점,서울특별시 성북구 길음동 도봉로 17,37.6094509,127.0301309
23,이마트 미아점,서울특별시 성북구 길음동 도봉로 17,37.6094509,127.0301309
24,이마트 미아점,서울특별시 성북구 길음동 도봉로 17,37.6094509,127.0301309
25,이마트 미아점,서울특별시 성북구 길음동 도봉로 17,37.6094509,127.0301309
26,이마트 미아점,서울특별시 성북구 길음동 도봉로 17,37.6094509,127.0301309
27,이마트 미아점,서울특별시 성북구 길음동 도봉로 17,37.6094509,127.0301309
28,이마트 미아점,서울특별시 성북구 길음동 도봉로 17,37.6094509,127.0301309
29,이마트 미아점,서울특별시 성북구 길음동 도봉로 17,37.6094509,127.0301309
30,이마트 미아점,서울특별시 성북구 길음동 도봉로 17,37.6094509,127.0301309
31,이마트 미아점,서울특별시 성북구 길음동 도봉로 17,37.6094509,127.0301309
32,이마트 미아점,서울특별시 성북구 길음동 도봉로 17,37.6094509,127.0301309
33,홈플러스 영등포점,서울특별시 영등포구 당산로 42,37.5271319,126.8970172
34,홈플러스 영등포점,서울특별시 영등포구 당산로 42,37.5271319,126.8970172
35,홈플러스 영등포점,서울특별시 영등포구 당산로 42,37.5271319,126.8970172
36,홈플러스 영등포점,서울특별시 영등포구 당산로 42,37.5271319,126.8970172
37,홈플러스 영등포점,서울특별시 영등포구 당산로 42,37.5271319,126.8970172
38,홈플러스 영등포점,서울특별시 영등포구 당산로 42,37.5271319,126.8970172
39,홈플러스 영등포점,서울특별시 영등포구 당산로 42,37.5271319,126.8970172
40,홈플러스 영등포점,서울특별시 영등포구 당산로 42,37.5271319,126.8970172
41,홈플러스 영등포점,서울특별시 영등포구 당산로 42,37.5271319,126.8970172
42,홈플러스 영등포점,서울특별시 영등포구 당산로 42,37.5271319,126.8970172
43,홈플러스 영등포점,서울특별시 영등포구 당산로 42,37.5271319,126.8970172
44,홈플러스 영등포점,서울특별시 영등포구 당산로 42,37.5271319,126.8970172
45,홈플러스 영등포점,서울특별시 영등포구 당산로 42,37.5271319,126.8970172
46,홈플러스 영등포점,서울특별시 영등포구 당산로 42,37.5271319,126.8970172
47,홈플러스 영등포점,서울특별시 영등포구 당산로 42,37.5271319,126.8970172
48,홈플러스 영등포점,서울특별시 영등포구 당산로 42,37.5271319,126.8970172
49,홈플러스 영등포점,서울특별시 영등포구 당산로 42,37.5271319,126.8970172
50,이마트 창동점,서울특별시 도봉구 노해로65길 4,37.652,127.0463641
51,이마트 창동점,서울특별시 도봉구 노해로65길 4,37.652,127.0463641
52,이마트 창동점,서울특별시 도봉구 노해로65길 4,37.652,127.0463641
53,이마트 창동점,서울특별시 도봉구 노해로65길 4,37.652,127.0463641
54,이마트 창동점,서울특별시 도봉구 노해로65길 4,37.652,127.0463641
55,이마트 창동점,서울특별시 도봉구 노해로65길 4,37.652,127.0463641
56,이마트 창동점,서울특별시 도봉구 노해로65길 4,37.652,127.0463641
57,이마트 창동점,서울특별시 도봉구 노해로65길 4,37.652,127.0463641
58,이마트 창동점,서울특별시 도봉구 노해로65길 4,37.652,127.0463641
59,이마트 창동점,서울특별시 도봉구 노해로65길 4,37.652,127.0463641
60,이마트 창동점,서울특별시 도봉구 노해로65길 4,37.652,127.0463641
61,이마트 창동점,서울특별시 도봉구 노해로65길 4,37.652,127.0463641
62,이마트 창동점,서울특별시 도봉구 노해로65길 4,37.652,127.0463641
63,이마트 창동점,서울특별시 도봉구 노해로65길 4,37.652,127.0463641
64,이마트 창동점,서울특별시 도봉구 노해로65길 4,37.652,127.0463641
65,이마트 창동점,서울특별시 도봉구 노해로65길 4,37.652,127.0463641
66,홈플러스 등촌점,서울특별시 강서구 등촌동 699,0.0,0.0
67,홈플러스 등촌점,서울특별시 강서구 등촌동 699,0.0,0.0
68,홈플러스 등촌점,서울특별시 강서구 등촌동 699,0.0,0.0
69,홈플러스 등촌점,서울특별시 강서구 등촌동 699,0.0,0.0
70,홈플러스 등촌점,서울특별시 강서구 등촌동 699,0.0,0.0
71,홈플러스 등촌점,서울특별시 강서구 등촌동 699,0.0,0.0
72,홈플러스 등촌점,서울특별시 강서구 등촌동 699,0.0,0.0
73,홈플러스 등촌점,서울특별시 강서구 등촌동 699,0.0,0.0
74,홈플러스 등촌점,서울특별시 강서구 등촌동 699,0.0,0.0
75,홈플러스 등촌점,서울특별시 강서구 등촌동 699,0.0,0.0
76,홈플러스 등촌점,서울특별시 강서구 등촌동 699,0.0,0.0
77,홈플러스 등촌점,서울특별시 강서구 등촌동 699,0.0,0.0
78,홈플러스 등촌점,서울특별시 강서구 등촌동 699,0.0,0.0
79,홈플러스 등촌점,서울특별시 강서구 등촌동 699,0.0,0.0
80,홈플러스 등촌점,서울특별시 강서구 등촌동 699,0.0,0.0
81,홈플러스 등촌점,서울특별시 강서구 등촌동 699,0.0,0.0
82,홈플러스 등촌점,서울특별시 강서구 등촌동 699,0.0,0.0
83,이마트 역삼점,서울특별시 강남구 역삼로 310,37.4985382,127.0447277
84,이마트 역삼점,서울특별시 강남구 역삼로 310,37.4985382,127.0447277
85,이마트 역삼점,서울특별시 강남구 역삼로 310,37.4985382,127.0447277
86,이마트 역삼점,서울특별시 강남구 역삼로 310,37.4985382,127.0447277
87,이마트 역삼점,서울특별시 강남구 역삼로 310,37.4985382,127.0447277
88,이마트 역삼점,서울특별시 강남구 역삼로 310,37.4985382,127.0447277
89,이마트 역삼점,서울특별시 강남구 역삼로 310,37.4985382,127.0447277
90,이마트 역삼점,서울특별시 강남구 역삼로 310,37.4985382,127.0447277
91,이마트 역삼점,서울특별시 강남구 역삼로 310,37.4985382,127.036949
92,이마트 역삼점,서울특별시 강남구 역삼로 310,37.4951535,127.036949
93,이마트 역삼점,서울특별시 강남구 역삼로 310,37.4951535,127.036949
94,이마트 역삼점,서울특별시 강남구 역삼로 310,37.4951535,127.036949
95,이마트 역삼점,서울특별시 강남구 역삼로 310,37.4951535,127.036949
96,이마트 역삼점,서울특별시 강남구 역삼로 310,37.4951535,127.036949
97,이마트 역삼점,서울특별시 강남구 역삼로 310,37.4951535,127.036949
98,이마트 역삼점,서울특별시 강남구 역삼로 310,37.4951535,127.036949
99,이마트 은평점,서울특별시 은평구 은평로 111,37.6003292,126.92022829345238
100,이마트 은평점,서울특별시 은평구 은평로 111,37.6003292,126.92022829345238
101,이마트 은평점,서울특별시 은평구 은평로 111,37.6003292,126.92022829345238
102,이마트 은평점,서울특별시 은평구 은평로 111,37.6003292,126.92022829345238
103,이마트 은평점,서울특별시 은평구 은평로 111,37.6003292,126.92022829345238
104,이마트 은평점,서울특별시 은평구 은평로 111,37.6003292,126.92022829345238
105,이마트 은평점,서울특별시 은평구 은평로 111,37.6003292,126.92022829345238
106,이마트 은평점,서울특별시 은평구 은평로 111,37.6003292,126.92022829345238
107,이마트 은평점,서울특별시 은평구 은평로 111,37.6003292,126.92022829345238
108,이마트 은평점,서울특별시 은평구 은평로 111,37.6003292,126.92022829345238
109,이마트 은평점,서울특별시 은평구 은평로 111,37.6003292,126.92022829345238
110,이마트 은평점,서울특별시 은평구 은평로 111,37.6003292,126.92022829345238
111,이마트 은평점,서울특별시 은평구 은평로 111,37.6003292,126.92022829345238
112,이마트 은평점,서울특별시 은평구 은평로 111,37.6003292,126.92022829345238
113,이마트 은평점,서울특별시 은평구 은평로 111,37.6003292,126.92022829345238
114,이마트 은평점,서울특별시 은평구 은평로 111,37.6003292,126.92022829345238
115,이마트 청계점,서울특별시 중구 청계천로 400,37.5708427,127.0228252
116,이마트 청계점,서울특별시 중구 청계천로 400,37.5708427,127.0228252
117,이마트 청계점,서울특별시 중구 청계천로 400,37.5708427,127.0228252
118,이마트 청계점,서울특별시 중구 청계천로 400,37.5708427,127.0228252
119,이마트 청계점,서울특별시 중구 청계천로 400,37.5708427,127.0228252
120,이마트 청계점,서울특별시 중구 청계천로 400,37.5708427,127.0228252
121,이마트 청계점,서울특별시 중구 청계천로 400,37.5708427,127.0228252
122,이마트 청계점,서울특별시 중구 청계천로 400,37.5708427,127.0228252
123,이마트 청계점,서울특별시 중구 청계천로 400,37.5708427,127.0228252
124,이마트 청계점,서울특별시 중구 청계천로 400,37.5708427,127.0228252
125,이마트 청계점,서울특별시 중구 청계천로 400,37.5708427,127.0228252
126,이마트 청계점,서울특별시 중구 청계천로 400,37.5708427,127.0228252
127,이마트 청계점,서울특별시 중구 청계천로 400,37.5708427,127.0228252
128,이마트 청계점,서울특별시 중구 청계천로 400,37.5708427,127.0228252
129,이마트 청계점,서울특별시 중구 청계천로 400,37.5708427,127.0228252
130,이마트 청계점,서울특별시 중구 청계천로 400,37.5708427,127.0228252
131,이마트 왕십리점,서울특별시 성동구 왕십리광장로 17,37.5612222,127.0371358
132,이마트 왕십리점,서울특별시 성동구 왕십리광장로 17,37.5612222,127.0371358
133,이마트 왕십리점,서울특별시 성동구 왕십리광장로 17,37.5612222,127.0371358
134,이마트 왕십리점,서울특별시 성동구 왕십리광장로 17,37.5612222,127.0371358
135,이마트 왕십리점,서울특별시 성동구 왕십리광장로 17,37.5612222,127.0371358
136,이마트 왕십리점,서울특별시 성동구 왕십리광장로 17,37.5612222,127.0371358
137,이마트 왕십리점,서울특별시 성동구 왕십리광장로 17,37.5612222,127.0371358
138,이마트 왕십리점,서울특별시 성동구 왕십리광장로 17,37.5612222,127.0371358
139,이마트 왕십리점,서울특별시 성동구 왕십리광장로 17,37.5612222,127.0371358
140,이마트 왕십리점,서울특별시 성동구 왕십리광장로 17,37.5612222,127.0371358
141,이마트 왕십리점,서울특별시 성동구 왕십리광장로 17,37.5612222,127.0371358
142,이마트 왕십리점,서울특별시 성동구 왕십리광장로 17,37.5612222,127.0371358
143,이마트 왕십리점,서울특별시 성동구 왕십리광장로 17,37.5612222,127.0371358
144,이마트 왕십리점,서울특별시 성동구 왕십리광장로 17,37.5612222,127.0371358
145,이마트 왕십리점,서울특별시 성동구 왕십리광장로 17,37.5612222,127.0371358
146,이마트 왕십리점,서울특별시 성동구 왕십리광장로 17,37.5612222,127.0371358
147,이마트 왕십리점,서울특별시 성동구 왕십리광장로 17,37.5612222,127.0371358
148,이마트 자양점,서울특별시 광진구 아차산로 272,37.538418,127.07323878135787
149,이마트 자양점,서울특별시 광진구 아차산로 272,37.538418,127.07323878135787
150,이마트 자양점,서울특별시 광진구 아차산로 272,37.538418,127.07323878135787
151,이마트 자양점,서울특별시 광진구 아차산로 272,37.538418,127.07323878135787
152,이마트 자양점,서울특별시 광진구 아차산로 272,37.538418,127.07323878135787
153,이마트 자양점,서울특별시 광진구 아차산로 272,37.538418,127.07323878135787
154,이마트 자양점,서울특별시 광진구 아차산로 272,37.538418,127.07323878135787
155,이마트 자양점,서울특별시 광진구 아차산로 272,37.538418,127.07323878135787
156,이마트 자양점,서울특별시 광진구 아차산로 272,37.538418,127.07323878135787
157,이마트 자양점,서울특별시 광진구 아차산로 272,37.538418,127.07323878135787
158,이마트 자양점,서울특별시 광진구 아차산로 272,37.538418,127.07323878135787
159,이마트 자양점,서울특별시 광진구 아차산로 272,37.538418,127.07323878135787
160,이마트 자양점,서울특별시 광진구 아차산로 272,37.538418,127.07323878135787
161,이마트 자양점,서울특별시 광진구 아차산로 272,37.538418,127.07323878135787
162,이마트 자양점,서울특별시 광진구 아차산로 272,37.538418,127.07323878135787
163,이마트 자양점,서울특별시 광진구 아차산로 272,37.538418,127.07323878135787
164,이마트 자양점,서울특별시 광진구 아차산로 272,37.538418,127.07323878135787
165,홈플러스 동대문점,서울특별시 동대문구 천호대로 133,37.5744199,127.0257949
166,홈플러스 동대문점,서울특별시 동대문구 천호대로 133,37.5744199,127.0257949
167,홈플러스 동대문점,서울특별시 동대문구 천호대로 133,37.5744199,127.0257949
168,홈플러스 동대문점,서울특별시 동대문구 천호대로 133,37.5744199,127.0257949
169,홈플러스 동대문점,서울특별시 동대문구 천호대로 133,37.5744199,127.0257949
170,홈플러스 동대문점,서울특별시 동대문구 천호대로 133,37.5744199,127.0257949
171,홈플러스 동대문점,서울특별시 동대문구 천호대로 133,37.5744199,127.0257949
172,홈플러스 동대문점,서울특별시 동대문구 천호대로 133,37.5744199,127.0257949
173,홈플러스 동대문점,서울특별시 동대문구 천호대로 133,37.5744199,127.0257949
174,홈플러스 동대문점,서울특별시 동대문구 천호대로 133,37.5744199,127.0257949
175,홈플러스 동대문점,서울특별시 동대문구 천호대로 133,37.5744199,127.0257949
176,홈플러스 동대문점,서울특별시 동대문구 천호대로 133,37.5744199,127.0257949
177,홈플러스 동대문점,서울특별시 동대문구 천호대로 133,37.5744199,127.0257949
178,홈플러스 동대문점,서울특별시 동대문구 천호대로 133,37.5744199,127.0257949
179,홈플러스 동대문점,서울특별시 동대문구 천호대로 133,37.5744199,127.0257949
180,홈플러스 동대문점,서울특별시 동대문구 천호대로 133,37.5744199,127.0257949
181,이마트 상봉점,서울특별시 중랑구 망우동 상봉로 118,37.5981369,127.0928736
182,이마트 상봉점,서울특별시 중랑구 망우동 상봉로 118,37.5981369,127.0928736
183,이마트 상봉점,서울특별시 중랑구 망우동 상봉로 118,37.5981369,127.0928736
184,이마트 상봉점,서울특별시 중랑구 망우동 상봉로 118,37.5981369,127.0928736
185,이마트 상봉점,서울특별시 중랑구 망우동 상봉로 118,37.5981369,127.0928736
186,이마트 상봉점,서울특별시 중랑구 망우동 상봉로 118,37.5981369,127.0928736
187,이마트 상봉점,서울특별시 중랑구 망우동 상봉로 118,37.5981369,127.0928736
188,이마트 상봉점,서울특별시 중랑구 망우동 상봉로 118,37.5981369,127.0928736
189,이마트 상봉점,서울특별시 중랑구 망우동 상봉로 118,37.5981369,127.0928736
190,이마트 상봉점,서울특별시 중랑구 망우동 상봉로 118,37.5981369,127.0928736
191,이마트 상봉점,서울특별시 중랑구 망우동 상봉로 118,37.5981369,127.0928736
192,이마트 상봉점,서울특별시 중랑구 망우동 상봉로 118,37.5981369,127.0928736
193,이마트 상봉점,서울특별시 중랑구 망우동 상봉로 118,37.5981369,127.0928736
194,이마트 상봉점,서울특별시 중랑구 망우동 상봉로 118,37.5981369,127.0928736
195,이마트 상봉점,서울특별시 중랑구 망우동 상봉로 118,37.5981369,127.0928736
196,이마트 상봉점,서울특별시 중랑구 망우동 상봉로 118,37.5981369,127.0928736
197,이마트 상봉점,서울특별시 중랑구 망우동 상봉로 118,37.5981369,127.0928736
198,홈플러스 중계점,서울특별시 노원구 동일로204가길 12,37.6400057,127.068672
199,홈플러스 중계점,서울특별시 노원구 동일로204가길 12,37.6400057,127.068672
200,홈플러스 중계점,서울특별시 노원구 동일로204가길 12,37.6400057,127.068672
201,홈플러스 중계점,서울특별시 노원구 동일로204가길 12,37.6400057,127.068672
202,홈플러스 중계점,서울특별시 노원구 동일로204가길 12,37.6400057,127.068672
203,홈플러스 중계점,서울특별시 노원구 동일로204가길 12,37.6400057,127.068672
204,홈플러스 중계점,서울특별시 노원구 동일로204가길 12,37.6400057,127.068672
205,홈플러스 중계점,서울특별시 노원구 동일로204가길 12,37.6400057,127.068672
206,홈플러스 중계점,서울특별시 노원구 동일로204가길 12,37.6400057,127.068672
207,홈플러스 중계점,서울특별시 노원구 동일로204가길 12,37.6400057,127.068672
208,홈플러스 중계점,서울특별시 노원구 동일로204가길 12,37.6400057,127.068672
209,홈플러스 중계점,서울특별시 노원구 동일로204가길 12,37.6400057,127.068672
210,홈플러스 중계점,서울특별시 노원구 동일로204가길 12,37.6400057,127.068672
211,홈플러스 중계점,서울특별시 노원구 동일로204가길 12,37.6400057,127.068672
212,홈플러스 중계점,서울특별시 노원구 동일로204가길 12,37.6400057,127.068672
213,홈플러스 중계점,서울특별시 노원구 동일로204가길 12,37.6400057,127.068672
214,이마트 신도림점,서울특별시 구로구 새말로 97,37.5070735,126.8930094
215,이마트 신도림점,서울특별시 구로구 새말로 97,37.5070735,126.8930094
216,이마트 신도림점,서울특별시 구로구 새말로 97,37.5070735,126.8930094
217,이마트 신도림점,서울특별시 구로구 새말로 97,37.5070735,126.8930094
218,이마트 신도림점,서울특별시 구로구 새말로 97,37.5070735,126.8930094
219,이마트 신도림점,서울특별시 구로구 새말로 97,37.5070735,126.8930094
220,이마트 신도림점,서울특별시 구로구 새말로 97,37.5070735,126.8930094
221,이마트 신도림점,서울특별시 구로구 새말로 97,37.5070735,126.8930094
222,이마트 신도림점,서울특별시 구로구 새말로 97,37.5070735,126.8930094
223,이마트 신도림점,서울특별시 구로구 새말로 97,37.5070735,126.8930094
224,이마트 신도림점,서울특별시 구로구 새말로 97,37.5070735,126.8930094
225,이마트 신도림점,서울특별시 구로구 새말로 97,37.5070735,126.8930094
226,이마트 신도림점,서울특별시 구로구 새말로 97,37.5070735,126.8930094
227,이마트 신도림점,서울특별시 구로구 새말로 97,37.5070735,126.8930094
228,이마트 신도림점,서울특별시 구로구 새말로 97,37.5070735,126.8930094
229,이마트 신도림점,서울특별시 구로구 새말로 97,37.5070735,126.8930094
230,홈플러스 월드컵점,서울특별시 마포구 월드컵로 240,37.5620795,126.9037536
231,홈플러스 월드컵점,서울특별시 마포구 월드컵로 240,37.5620795,126.9037536
232,홈플러스 월드컵점,서울특별시 마포구 월드컵로 240,37.5620795,126.9037536
233,홈플러스 월드컵점,서울특별시 마포구 월드컵로 240,37.5620795,126.9037536
234,홈플러스 월드컵점,서울특별시 마포구 월드컵로 240,37.5620795,126.9037536
235,홈플러스 월드컵점,서울특별시 마포구 월드컵로 240,37.5620795,126.9037536
236,홈플러스 월드컵점,서울특별시 마포구 월드컵로 240,37.5620795,126.9037536
237,홈플러스 월드컵점,서울특별시 마포구 월드컵로 240,37.5620795,126.9037536
238,홈플러스 월드컵점,서울특별시 마포구 월드컵로 240,37.5620795,126.9037536
239,홈플러스 월드컵점,서울특별시 마포구 월드컵로 240,37.5620795,126.9037536
240,홈플러스 월드컵점,서울특별시 마포구 월드컵로 240,37.5620795,126.9037536
241,홈플러스 월드컵점,서울특별시 마포구 월드컵로 240,37.5620795,126.9037536
242,홈플러스 월드컵점,서울특별시 마포구 월드컵로 240,37.5620795,126.9037536
243,홈플러스 월드컵점,서울특별시 마포구 월드컵로 240,37.5620795,126.9037536
244,홈플러스 월드컵점,서울특별시 마포구 월드컵로 240,37.5620795,126.9037536
245,홈플러스 월드컵점,서울특별시 마포구 월드컵로 240,37.5620795,126.9037536
246,홈플러스 월드컵점,서울특별시 마포구 월드컵로 240,37.5620795,126.9037536
247,세이브 마트,서울특별시 관악구 난곡로 220,37.4683824,126.9200519
248,세이브 마트,서울특별시 관악구 난곡로 220,37.4683824,126.9200519
249,세이브 마트,서울특별시 관악구 난곡로 220,37.4683824,126.9200519
250,세이브 마트,서울특별시 관악구 난곡로 220,37.4683824,126.9200519
251,세이브 마트,서울특별시 관악구 난곡로 220,37.4683824,126.9200519
252,세이브 마트,서울특별시 관악구 난곡로 220,37.4683824,126.9200519
253,세이브 마트,서울특별시 관악구 난곡로 220,37.4683824,126.9200519
254,세이브 마트,서울특별시 관악구 난곡로 220,37.4683824,126.9200519
255,세이브 마트,서울특별시 관악구 난곡로 220,37.4683824,126.9200519
256,세이브 마트,서울특별시 관악구 난곡로 220,37.4683824,126.9200519
257,세이브 마트,서울특별시 관악구 난곡로 220,37.4683824,126.9200519
258,세이브 마트,서울특별시 관악구 난곡로 220,37.4683824,126.9200519
259,세이브 마트,서울특별시 관악구 난곡로 220,37.4683824,126.9200519
260,세이브 마트,서울특별시 관악구 난곡로 220,37.4683824,126.9200519
261,세이브 마트,서울특별시 관악구 난곡로 220,37.4683824,126.9200519
262,세이브 마트,서울특별시 관악구 난곡로 220,37.4683824,126.9200519
263,세이브 마트,서울특별시 관악구 난곡로 220,37.4683824,126.9200519
264,홈플러스 잠실점,서울특별시 송파구 신천로6길 16,0.0,0.0
265,홈플러스 잠실점,서울특별시 송파구 신천로6길 16,0.0,0.0
266,홈플러스 잠실점,서울특별시 송파구 신천로6길 16,0.0,0.0
267,홈플러스 잠실점,서울특별시 송파구 신천로6길 16,0.0,0.0
268,홈플러스 잠실점,서울특별시 송파구 신천로6길 16,0.0,0.0
269,홈플러스 잠실점,서울특별시 송파구 신천로6길 16,0.0,0.0
270,홈플러스 잠실점,서울특별시 송파구 신천로6길 16,0.0,0.0
271,홈플러스 잠실점,서울특별시 송파구 신천로6길 16,0.0,0.0
272,홈플러스 잠실점,서울특별시 송파구 신천로6길 16,0.0,0.0
273,홈플러스 잠실점,서울특별시 송파구 신천로6길 16,0.0,0.0
274,홈플러스 잠실점,서울특별시 송파구 신천로6길 16,0.0,0.0
275,홈플러스 잠실점,서울특별시 송파구 신천로6길 16,0.0,0.0
276,홈플러스 잠실점,서울특별시 송파구 신천로6길 16,0.0,0.0
277,홈플러스 잠실점,서울특별시 송파구 신천로6길 16,0.0,0.0
278,홈플러스 잠실점,서울특별시 송파구 신천로6길 16,0.0,0.0
279,홈플러스 잠실점,서울특별시 송파구 신천로6길 16,0.0,0.0
280,홈플러스 잠실점,서울특별시 송파구 신천로6길 16,0.0,0.0
281,이마트 명일점,서울특별시 강동구 고덕로 276,37.5547286,127.1364591
282,이마트 명일점,서울특별시 강동구 고덕로 276,37.5547286,127.1364591
283,이마트 명일점,서울특별시 강동구 고덕로 276,37.5547286,127.1364591
284,이마트 명일점,서울특별시 강동구 고덕로 276,37.5547286,127.1364591
285,이마트 명일점,서울특별시 강동구 고덕로 276,37.5547286,127.1364591
286,이마트 명일점,서울특별시 강동구 고덕로 276,37.5547286,127.1364591
287,이마트 명일점,서울특별시 강동구 고덕로 276,37.5547286,127.1364591
288,이마트 명일점,서울특별시 강동구 고덕로 276,37.5547286,127.1364591
289,이마트 명일점,서울특별시 강동구 고덕로 276,37.5547286,127.1364591
290,이마트 명일점,서울특별시 강동구 고덕로 276,37.5547286,127.1364591
291,이마트 명일점,서울특별시 강동구 고덕로 276,37.5547286,127.1364591
292,이마트 명일점,서울특별시 강동구 고덕로 276,37.5547286,127.1364591
293,이마트 명일점,서울특별시 강동구 고덕로 276,37.5547286,127.1364591
294,이마트 명일점,서울특별시 강동구 고덕로 276,37.5547286,127.1364591
295,이마트 명일점,서울특별시 강동구 고덕로 276,37.5547286,127.1364591
296,이마트 명일점,서울특별시 강동구 고덕로 276,37.5547286,127.1364591
297,이마트 명일점,서울특별시 강동구 고덕로 276,37.5547286,127.1364591
298,뉴코아아울렛 강남점,서울특별시 서초구 잠원로 51,37.5205209,127.0154916
299,뉴코아아울렛 강남점,서울특별시 서초구 잠원로 51,37.5205209,127.0154916
300,뉴코아아울렛 강남점,서울특별시 서초구 잠원로 51,37.5205209,127.0154916
301,뉴코아아울렛 강남점,서울특별시 서초구 잠원로 51,37.5205209,127.0154916
302,뉴코아아울렛 강남점,서울특별시 서초구 잠원로 51,37.5205209,127.0154916
303,뉴코아아울렛 강남점,서울특별시 서초구 잠원로 51,37.5205209,127.0154916
304,뉴코아아울렛 강남점,서울특별시 서초구 잠원로 51,37.5205209,127.0154916
305,뉴코아아울렛 강남점,서울특별시 서초구 잠원로 51,37.5205209,127.0154916
306,뉴코아아울렛 강남점,서울특별시 서초구 잠원로 51,37.5205209,127.0154916
307,뉴코아아울렛 강남점,서울특별시 서초구 잠원로 51,37.5205209,127.0154916
308,뉴코아아울렛 강남점,서울특별시 서초구 잠원로 51,37.5205209,127.0154916
309,뉴코아아울렛 강남점,서울특별시 서초구 잠원로 51,37.5205209,127.0154916
310,뉴코아아울렛 강남점,서울특별시 서초구 잠원로 51,37.5205209,127.0154916
311,뉴코아아울렛 강남점,서울특별시 서초구 잠원로 51,37.5205209,127.0154916
312,뉴코아아울렛 강남점,서울특별시 서초구 잠원로 51,37.5205209,127.0154916
313,뉴코아아울렛 강남점,서울특별시 서초구 잠원로 51,37.5205209,127.0154916
314,하나로클럽 미아점,서울특별시 강북구 도봉로33길 18,37.6213967,127.0266691
315,하나로클럽 미아점,서울특별시 강북구 도봉로33길 18,37.6213967,127.0266691
316,하나로클럽 미아점,서울특별시 강북구 도봉로33길 18,37.6213967,127.0266691
317,하나로클럽 미아점,서울특별시 강북구 도봉로33길 18,37.6213967,127.0266691
318,하나로클럽 미아점,서울특별시 강북구 도봉로33길 18,37.6213967,127.0266691
319,하나로클럽 미아점,서울특별시 강북구 도봉로33길 18,37.6213967,127.0266691
320,하나로클럽 미아점,서울특별시 강북구 도봉로33길 18,37.6213967,127.0266691
321,하나로클럽 미아점,서울특별시 강북구 도봉로33길 18,37.6213967,127.0266691
322,하나로클럽 미아점,서울특별시 강북구 도봉로33길 18,37.6213967,127.0266691
323,하나로클럽 미아점,서울특별시 강북구 도봉로33길 18,37.6213967,127.0266691
324,하나로클럽 미아점,서울특별시 강북구 도봉로33길 18,37.6213967,127.0266691
325,하나로클럽 미아점,서울특별시 강북구 도봉로33길 18,37.6213967,127.0266691
326,하나로클럽 미아점,서울특별시 강북구 도봉로33길 18,37.6213967,127.0266691
327,하나로클럽 미아점,서울특별시 강북구 도봉로33길 18,37.6213967,127.0266691
328,하나로클럽 미아점,서울특별시 강북구 도봉로33길 18,37.6213967,127.0266691
329,하나로클럽 미아점,서울특별시 강북구 도봉로33길 18,37.6213967,127.0266691
330,이마트 목동점,서울특별시 양천구 오목로 299,37.5260504,126.8651705
331,이마트 목동점,서울특별시 양천구 오목로 299,37.5260504,126.8651705
332,이마트 목동점,서울특별시 양천구 오목로 299,37.5260504,126.8651705
333,이마트 목동점,서울특별시 양천구 오목로 299,37.5260504,126.8651705
334,이마트 목동점,서울특별시 양천구 오목로 299,37.5260504,126.8651705
335,이마트 목동점,서울특별시 양천구 오목로 299,37.5260504,126.8651705
336,이마트 목동점,서울특별시 양천구 오목로 299,37.5260504,126.8651705
337,이마트 목동점,서울특별시 양천구 오목로 299,37.5260504,126.8651705
338,이마트 목동점,서울특별시 양천구 오목로 299,37.5260504,126.8651705
339,이마트 목동점,서울특별시 양천구 오목로 299,37.5260504,126.8651705
340,이마트 목동점,서울특별시 양천구 오목로 299,37.5260504,126.8651705
341,이마트 목동점,서울특별시 양천구 오목로 299,37.5260504,126.8651705
342,이마트 목동점,서울특별시 양천구 오목로 299,37.5260504,126.8651705
343,이마트 목동점,서울특별시 양천구 오목로 299,37.5260504,126.8651705
344,이마트 목동점,서울특별시 양천구 오목로 299,37.5260504,126.8651705
345,이마트 목동점,서울특별시 양천구 오목로 299,37.5260504,126.8651705
346,롯데슈퍼,서울특별시 서대문구 홍은동 400-12,37.59296,126.93733
347,롯데슈퍼,서울특별시 서대문구 홍은동 400-12,37.59296,126.93733
348,롯데슈퍼,서울특별시 서대문구 홍은동 400-12,37.59296,126.93733
349,롯데슈퍼,서울특별시 서대문구 홍은동 400-12,37.59296,126.93733
350,롯데슈퍼,서울특별시 서대문구 홍은동 400-12,37.59296,126.93733
351,롯데슈퍼,서울특별시 서대문구 홍은동 400-12,37.59296,126.93733
352,롯데슈퍼,서울특별시 서대문구 홍은동 400-12,37.59296,126.93733
353,롯데슈퍼,서울특별시 서대문구 홍은동 400-12,37.59296,126.93733
354,롯데슈퍼,서울특별시 서대문구 홍은동 400-12,37.59296,126.93733
355,롯데슈퍼,서울특별시 서대문구 홍은동 400-12,37.59296,126.93733
356,롯데슈퍼,서울특별시 서대문구 홍은동 400-12,37.59296,126.93733
357,롯데슈퍼,서울특별시 서대문구 홍은동 400-12,37.59296,126.93733
358,롯데슈퍼,서울특별시 서대문구 홍은동 400-12,37.59296,126.93733
359,롯데슈퍼,서울특별시 서대문구 홍은동 400-12,37.59296,126.93733
360,롯데슈퍼,서울특별시 서대문구 홍은동 400-12,37.59296,126.93733
361,롯데슈퍼,서울특별시 서대문구 홍은동 400-12,37.59296,126.93733
362,홈플러스 독산점,서울특별시 금천구 시흥대로 391,37.4682281,126.8968206
363,홈플러스 독산점,서울특별시 금천구 시흥대로 391,37.4682281,126.8968206
364,홈플러스 독산점,서울특별시 금천구 시흥대로 391,37.4682281,126.8968206
365,홈플러스 독산점,서울특별시 금천구 시흥대로 391,37.4682281,126.8968206
366,홈플러스 독산점,서울특별시 금천구 시흥대로 391,37.4682281,126.8968206
367,홈플러스 독산점,서울특별시 금천구 시흥대로 391,37.4682281,126.8968206
368,홈플러스 독산점,서울특별시 금천구 시흥대로 391,37.4682281,126.8968206
369,홈플러스 독산점,서울특별시 금천구 시흥대로 391,37.4682281,126.8968206
370,홈플러스 독산점,서울특별시 금천구 시흥대로 391,37.4682281,126.8968206
371,홈플러스 독산점,서울특별시 금천구 시흥대로 391,37.4682281,126.8968206
372,홈플러스 독산점,서울특별시 금천구 시흥대로 391,37.4682281,126.8968206
373,홈플러스 독산점,서울특별시 금천구 시흥대로 391,37.4682281,126.8968206
374,홈플러스 독산점,서울특별시 금천구 시흥대로 391,37.4682281,126.8968206
375,홈플러스 독산점,서울특별시 금천구 시흥대로 391,37.4682281,126.8968206
376,홈플러스 독산점,서울특별시 금천구 시흥대로 391,37.4682281,126.8968206
377,홈플러스 독산점,서울특별시 금천구 시흥대로 391,37.4682281,126.8968206
378,홈플러스 독산점,서울특별시 금천구 시흥대로 391,37.4682281,126.8968206
379,이마트 이수점,서울특별시 동작구 사당동 사당로 300,37.4844202,126.9793859
380,이마트 이수점,서울특별시 동작구 사당동 사당로 300,37.4844202,126.9793859
381,이마트 이수점,서울특별시 동작구 사당동 사당로 300,37.4844202,126.9793859
382,이마트 이수점,서울특별시 동작구 사당동 사당로 300,37.4844202,126.9793859
383,이마트 이수점,서울특별시 동작구 사당동 사당로 300,37.4844202,126.9793859
384,이마트 이수점,서울특별시 동작구 사당동 사당로 300,37.4844202,126.9793859
385,이마트 이수점,서울특별시 동작구 사당동 사당로 300,37.4844202,126.9793859
386,이마트 이수점,서울특별시 동작구 사당동 사당로 300,37.4844202,126.9793859
387,이마트 이수점,서울특별시 동작구 사당동 사당로 300,37.4844202,126.9793859
388,이마트 이수점,서울특별시 동작구 사당동 사당로 300,37.4844202,126.9793859
389,이마트 이수점,서울특별시 동작구 사당동 사당로 300,37.4844202,126.9793859
390,이마트 이수점,서울특별시 동작구 사당동 사당로 300,37.4844202,126.9793859
391,이마트 이수점,서울특별시 동작구 사당동 사당로 300,37.4844202,126.9793859
392,이마트 이수점,서울특별시 동작구 사당동 사당로 300,37.4844202,126.9793859
393,이마트 이수점,서울특별시 동작구 사당동 사당로 300,37.4844202,126.9793859
394,이마트 이수점,서울특별시 동작구 사당동 사당로 300,37.4844202,126.9793859
395,이마트 이수점,서울특별시 동작구 사당동 사당로 300,37.4844202,126.9793859
