,품목,단위,가격,이름,주소,구,위도,경도
0,사과(부사),1개,1245.0,이마트 용산점,서울특별시 용산구 한강대로23길 55,용산구,37.5301906,126.9651428
1,배,1개,2725.0,이마트 용산점,서울특별시 용산구 한강대로23길 55,용산구,37.5301906,126.9651428
2,배추(2.5~3kg),1포기,7480.0,이마트 용산점,서울특별시 용산구 한강대로23길 55,용산구,37.5301906,126.9651428
3,무(1kg),1개,3100.0,이마트 용산점,서울특별시 용산구 한강대로23길 55,용산구,37.5301906,126.9651428
4,양파(1.5kg망),1.5kg,4150.0,이마트 용산점,서울특별시 용산구 한강대로23길 55,용산구,37.5301906,126.9651428
5,상추(100g),100g,1390.0,이마트 용산점,서울특별시 용산구 한강대로23길 55,용산구,37.5301906,126.9651428
6,오이(다다기),1개,916.0,이마트 용산점,서울특별시 용산구 한강대로23길 55,용산구,37.5301906,126.9651428
7,애호박,1개,990.0,이마트 용산점,서울특별시 용산구 한강대로23길 55,용산구,37.5301906,126.9651428
8,쇠고기(한우1등급),100g ,5080.0,이마트 용산점,서울특별시 용산구 한강대로23길 55,용산구,37.5301906,126.9651428
9,돼지고기(생삼겹살),100g ,2880.0,이마트 용산점,서울특별시 용산구 한강대로23길 55,용산구,37.5301906,126.9651428
10,닭고기(육계),1마리 1kg,6980.0,이마트 용산점,서울특별시 용산구 한강대로23길 55,용산구,37.5301906,126.9651428
11,달걀(15개),15구,5980.0,이마트 용산점,서울특별시 용산구 한강대로23길 55,용산구,37.5301906,126.9651428
12,달걀(30개),30개,6480.0,이마트 용산점,서울특별시 용산구 한강대로23길 55,용산구,37.5301906,126.9651428
13,"조기(냉동,수입산)",1마리 25cm ,2880.0,이마트 용산점,서울특별시 용산구 한강대로23길 55,용산구,37.5301906,126.9651428
14,"명태(냉동,수입산)",1마리 45cm ,4580.0,이마트 용산점,서울특별시 용산구 한강대로23길 55,용산구,37.5301906,126.9651428
15,"오징어(냉동,수입산)",1마리 30cm,3280.0,이마트 용산점,서울특별시 용산구 한강대로23길 55,용산구,37.5301906,126.9651428
16,"고등어(냉동,국산)",1마리 35cm,4165.0,이마트 용산점,서울특별시 용산구 한강대로23길 55,용산구,37.5301906,126.9651428
17,"사과(부사, 300g)",1개 ,1196.0,이마트 미아점,서울특별시 성북구 길음동 도봉로 17,성북구,37.6094509,127.0301309
18,"배(신고, 600g)",1개 ,2500.0,이마트 미아점,서울특별시 성북구 길음동 도봉로 17,성북구,37.6094509,127.0301309
19,배추(2.5~3kg),1포기 ,7480.0,이마트 미아점,서울특별시 성북구 길음동 도봉로 17,성북구,37.6094509,127.0301309
20,무,1개 ,2480.0,이마트 미아점,서울특별시 성북구 길음동 도봉로 17,성북구,37.6094509,127.0301309
21,양파(1.5kg망),1망 (1.5kg),4150.0,이마트 미아점,서울특별시 성북구 길음동 도봉로 17,성북구,37.6094509,127.0301309
22,상추,100g ,1090.0,이마트 미아점,서울특별시 성북구 길음동 도봉로 17,성북구,37.6094509,127.0301309
23,오이(다다기),1개 ,1396.0,이마트 미아점,서울특별시 성북구 길음동 도봉로 17,성북구,37.6094509,127.0301309
24,호박(인큐베이터),1개 ,1380.0,이마트 미아점,서울특별시 성북구 길음동 도봉로 17,성북구,37.6094509,127.0301309
25,"쇠고기(한우,불고기)",100g ,5880.0,이마트 미아점,서울특별시 성북구 길음동 도봉로 17,성북구,37.6094509,127.0301309
26,돼지고기(삼겹살),100g ,3780.0,이마트 미아점,서울특별시 성북구 길음동 도봉로 17,성북구,37.6094509,127.0301309
27,닭고기(육계),1kg ,6980.0,이마트 미아점,서울특별시 성북구 길음동 도봉로 17,성북구,37.6094509,127.0301309
28,달걀(30개),30개,6580.0,이마트 미아점,서울특별시 성북구 길음동 도봉로 17,성북구,37.6094509,127.0301309
29,"조기(국산,냉동)",1마리 ,1280.0,이마트 미아점,서울특별시 성북구 길음동 도봉로 17,성북구,37.6094509,127.0301309
30,"명태(러시아,냉동)",1마리 ,4980.0,이마트 미아점,서울특별시 성북구 길음동 도봉로 17,성북구,37.6094509,127.0301309
31,"오징어(생물,국산)",1마리 ,5980.0,이마트 미아점,서울특별시 성북구 길음동 도봉로 17,성북구,37.6094509,127.0301309
32,"고등어(냉동,국산)",1마리 ,3490.0,이마트 미아점,서울특별시 성북구 길음동 도봉로 17,성북구,37.6094509,127.0301309
33,"사과(부사, 300g)",1개(300g),2997.0,홈플러스 영등포점,서울특별시 영등포구 당산로 42,영등포구,37.5271319,126.8970172
34,"배(신고, 600g)",1개(600g),3497.0,홈플러스 영등포점,서울특별시 영등포구 당산로 42,영등포구,37.5271319,126.8970172
35,배추,1포기(2kg),16333.0,홈플러스 영등포점,서울특별시 영등포구 당산로 42,영등포구,37.5271319,126.8970172
36,무(1kg),1개(1kg),3290.0,홈플러스 영등포점,서울특별시 영등포구 당산로 42,영등포구,37.5271319,126.8970172
37,양파,1.5kg,4150.0,홈플러스 영등포점,서울특별시 영등포구 당산로 42,영등포구,37.5271319,126.8970172
38,상추(100g),100g,1195.0,홈플러스 영등포점,서울특별시 영등포구 당산로 42,영등포구,37.5271319,126.8970172
39,오이(다다기),1개(120g),1496.0,홈플러스 영등포점,서울특별시 영등포구 당산로 42,영등포구,37.5271319,126.8970172
40,애호박,1개(200g),1590.0,홈플러스 영등포점,서울특별시 영등포구 당산로 42,영등포구,37.5271319,126.8970172
41,"쇠고기(한우,불고기)",100g,6400.0,홈플러스 영등포점,서울특별시 영등포구 당산로 42,영등포구,37.5271319,126.8970172
42,돼지고기(생삼겹살),100g,2890.0,홈플러스 영등포점,서울특별시 영등포구 당산로 42,영등포구,37.5271319,126.8970172
43,닭고기(육계),1kg,8562.0,홈플러스 영등포점,서울특별시 영등포구 당산로 42,영등포구,37.5271319,126.8970172
44,달걀(10개),10개,3890.0,홈플러스 영등포점,서울특별시 영등포구 당산로 42,영등포구,37.5271319,126.8970172
45,달걀(30개),30개,7990.0,홈플러스 영등포점,서울특별시 영등포구 당산로 42,영등포구,37.5271319,126.8970172
46,"조기(국산,생물)",1마리(25cm),4990.0,홈플러스 영등포점,서울특별시 영등포구 당산로 42,영등포구,37.5271319,126.8970172
47,"명태(냉동,수입산)",1마리(40cm),4000.0,홈플러스 영등포점,서울특별시 영등포구 당산로 42,영등포구,37.5271319,126.8970172
48,"오징어(생물,국산)",1마리(40cm),5480.0,홈플러스 영등포점,서울특별시 영등포구 당산로 42,영등포구,37.5271319,126.8970172
49,"고등어(생물,국산)",1마리(30cm),4500.0,홈플러스 영등포점,서울특별시 영등포구 당산로 42,영등포구,37.5271319,126.8970172
50,"사과(부사, 300g)",1개,1400.0,이마트 창동점,서울특별시 도봉구 노해로65길 4,도봉구,37.652,127.0463641
51,"배(신고, 600g)",1개,3930.0,이마트 창동점,서울특별시 도봉구 노해로65길 4,도봉구,37.652,127.0463641
52,배추,1포기,7480.0,이마트 창동점,서울특별시 도봉구 노해로65길 4,도봉구,37.652,127.0463641
53,무(1kg),1개,2480.0,이마트 창동점,서울특별시 도봉구 노해로65길 4,도봉구,37.652,127.0463641
54,양파(1.5kg망),1망,4980.0,이마트 창동점,서울특별시 도봉구 노해로65길 4,도봉구,37.652,127.0463641
55,상추(100g),100g,1490.0,이마트 창동점,서울특별시 도봉구 노해로65길 4,도봉구,37.652,127.0463641
56,오이(다다기),1개,1690.0,이마트 창동점,서울특별시 도봉구 노해로65길 4,도봉구,37.652,127.0463641
57,호박(인큐베이터),1개,1380.0,이마트 창동점,서울특별시 도봉구 노해로65길 4,도봉구,37.652,127.0463641
58,"쇠고기(한우,불고기)",100g,6280.0,이마트 창동점,서울특별시 도봉구 노해로65길 4,도봉구,37.652,127.0463641
59,돼지고기(생삼겹살),100g,3780.0,이마트 창동점,서울특별시 도봉구 노해로65길 4,도봉구,37.652,127.0463641
60,닭고기,1마리,7480.0,이마트 창동점,서울특별시 도봉구 노해로65길 4,도봉구,37.652,127.0463641
61,달걀(30개),30개,6680.0,이마트 창동점,서울특별시 도봉구 노해로65길 4,도봉구,37.652,127.0463641
62,"조기(냉동,수입산)",1마리,8980.0,이마트 창동점,서울특별시 도봉구 노해로65길 4,도봉구,37.652,127.0463641
63,"명태(냉동,수입산)",1마리,4980.0,이마트 창동점,서울특별시 도봉구 노해로65길 4,도봉구,0.0,0.0
64,"오징어(생물,국산)",1마리,5980.0,이마트 창동점,서울특별시 도봉구 노해로65길 4,도봉구,0.0,0.0
65,"고등어(생물,국산)",1마리,6980.0,이마트 창동점,서울특별시 도봉구 노해로65길 4,도봉구,0.0,0.0
66,사과,1개(300g),1998.0,홈플러스 등촌점,서울특별시 강서구 등촌동 699,강서구,0.0,0.0
67,배(신고),1개(500g),3225.0,홈플러스 등촌점,서울특별시 강서구 등촌동 699,강서구,0.0,0.0
68,배추,1포기(2.3kg),7490.0,홈플러스 등촌점,서울특별시 강서구 등촌동 699,강서구,0.0,0.0
69,무(1kg),1개,3290.0,홈플러스 등촌점,서울특별시 강서구 등촌동 699,강서구,0.0,0.0
70,양파(1.5kg망),1.5kg,3992.0,홈플러스 등촌점,서울특별시 강서구 등촌동 699,강서구,0.0,0.0
71,상추(100g),100g,1145.0,홈플러스 등촌점,서울특별시 강서구 등촌동 699,강서구,0.0,0.0
72,오이(다다기),1개,1497.0,홈플러스 등촌점,서울특별시 강서구 등촌동 699,강서구,0.0,0.0
73,호박(인큐베이터),1개,1590.0,홈플러스 등촌점,서울특별시 강서구 등촌동 699,강서구,0.0,0.0
74,"쇠고기(한우,불고기)",100g,5580.0,홈플러스 등촌점,서울특별시 강서구 등촌동 699,강서구,0.0,0.0
75,돼지고기(생삼겹살),100g,2890.0,홈플러스 등촌점,서울특별시 강서구 등촌동 699,강서구,0.0,0.0
76,닭고기(육계),1마리(1kg),8490.0,홈플러스 등촌점,서울특별시 강서구 등촌동 699,강서구,0.0,0.0
77,달걀(10개),10개,3890.0,홈플러스 등촌점,서울특별시 강서구 등촌동 699,강서구,0.0,0.0
78,달걀(30개),30개,7990.0,홈플러스 등촌점,서울특별시 강서구 등촌동 699,강서구,0.0,0.0
79,"조기(냉동,국산)",1마리(18~20cm),1050.0,홈플러스 등촌점,서울특별시 강서구 등촌동 699,강서구,0.0,0.0
80,"명태(냉동,수입산)",1마리(500g),4000.0,홈플러스 등촌점,서울특별시 강서구 등촌동 699,강서구,0.0,0.0
81,"오징어(생물,국산)",1마리(25cm),5480.0,홈플러스 등촌점,서울특별시 강서구 등촌동 699,강서구,0.0,0.0
82,"고등어(생물,국산)",1마리(30cm),4500.0,홈플러스 등촌점,서울특별시 강서구 등촌동 699,강서구,0.0,0.0
83,사과(부사),1개(238g),873.0,이마트 역삼점,서울특별시 강남구 역삼로 310,강남구,0.0,0.0
84,배(신고),1개(525g),2950.0,이마트 역삼점,서울특별시 강남구 역삼로 310,강남구,0.0,0.0
85,배추(2.5~3kg),1포기,5980.0,이마트 역삼점,서울특별시 강남구 역삼로 310,강남구,0.0,0.0
86,무(1kg),1개,1459.0,이마트 역삼점,서울특별시 강남구 역삼로 310,강남구,0.0,0.0
87,양파(1.5kg망),1망,4980.0,이마트 역삼점,서울특별시 강남구 역삼로 310,강남구,0.0,0.0
88,상추(100g),100g,1450.0,이마트 역삼점,서울특별시 강남구 역삼로 310,강남구,0.0,0.0
89,오이(다다기),1개,796.0,이마트 역삼점,서울특별시 강남구 역삼로 310,강남구,0.0,0.0
90,애호박,1개,990.0,이마트 역삼점,서울특별시 강남구 역삼로 310,강남구,0.0,0.0
91,"쇠고기(한우,불고기)",100g,8500.0,이마트 역삼점,서울특별시 강남구 역삼로 310,강남구,0.0,0.0
92,돼지고기,100g,2880.0,이마트 역삼점,서울특별시 강남구 역삼로 310,강남구,0.0,0.0
93,닭고기(토종닭),1마리,14980.0,이마트 역삼점,서울특별시 강남구 역삼로 310,강남구,0.0,0.0
94,달걀(30개),30개,6480.0,이마트 역삼점,서울특별시 강남구 역삼로 310,강남구,0.0,0.0
95,"조기(국산,냉동)",1마리(18cm),8350.0,이마트 역삼점,서울특별시 강남구 역삼로 310,강남구,0.0,0.0
96,"명태(러시아,냉동)",1마리(55cm),5980.0,이마트 역삼점,서울특별시 강남구 역삼로 310,강남구,0.0,0.0
97,"오징어(생물,국산)",1마리,5280.0,이마트 역삼점,서울특별시 강남구 역삼로 310,강남구,0.0,0.0
98,"고등어(생물,국산)",1마리(30cm),2780.0,이마트 역삼점,서울특별시 강남구 역삼로 310,강남구,0.0,0.0
99,"사과(부사, 300g)",1 개,1745.0,이마트 은평점,서울특별시 은평구 은평로 111,은평구,0.0,0.0
100,"배(신고, 600g)",1 개,2725.0,이마트 은평점,서울특별시 은평구 은평로 111,은평구,0.0,0.0
101,배추(2.5~3kg),1포기,7480.0,이마트 은평점,서울특별시 은평구 은평로 111,은평구,0.0,0.0
102,무(1kg),1 개,2480.0,이마트 은평점,서울특별시 은평구 은평로 111,은평구,0.0,0.0
103,양파(1.5kg망),작은망,4155.0,이마트 은평점,서울특별시 은평구 은평로 111,은평구,0.0,0.0
104,상추,100g,2180.0,이마트 은평점,서울특별시 은평구 은평로 111,은평구,0.0,0.0
105,오이(다다기),1 개,1396.0,이마트 은평점,서울특별시 은평구 은평로 111,은평구,0.0,0.0
106,호박(인큐베이터),1 개,1380.0,이마트 은평점,서울특별시 은평구 은평로 111,은평구,0.0,0.0
107,쇠고기,100g,7080.0,이마트 은평점,서울특별시 은평구 은평로 111,은평구,0.0,0.0
108,돼지고기(생삼겹살),100g,2800.0,이마트 은평점,서울특별시 은평구 은평로 111,은평구,0.0,0.0
109,닭고기(육계),1kg 1마리,8980.0,이마트 은평점,서울특별시 은평구 은평로 111,은평구,0.0,0.0
110,달걀(30개),한판,6480.0,이마트 은평점,서울특별시 은평구 은평로 111,은평구,0.0,0.0
111,"조기(냉동,국산)",25~30cm,2880.0,이마트 은평점,서울특별시 은평구 은평로 111,은평구,0.0,0.0
112,"명태(냉동,수입산)",550~600g,4980.0,이마트 은평점,서울특별시 은평구 은평로 111,은평구,0.0,0.0
113,"오징어(냉동,국산)",25~30cm,3780.0,이마트 은평점,서울특별시 은평구 은평로 111,은평구,0.0,0.0
114,고등어,20~25cm,6980.0,이마트 은평점,서울특별시 은평구 은평로 111,은평구,0.0,0.0
115,"사과(부사, 300g)",1개,2000.0,이마트 청계점,서울특별시 중구 청계천로 400,중구,0.0,0.0
116,"배(신고, 600g)",1개,4000.0,이마트 청계점,서울특별시 중구 청계천로 400,중구,0.0,0.0
117,배추(중간),1통,4500.0,이마트 청계점,서울특별시 중구 청계천로 400,중구,0.0,0.0
118,무(세척무),1개,3000.0,이마트 청계점,서울특별시 중구 청계천로 400,중구,0.0,0.0
119,양파(1.5kg망),1.5kg,3983.0,이마트 청계점,서울특별시 중구 청계천로 400,중구,0.0,0.0
120,상추(100g),100g,2200.0,이마트 청계점,서울특별시 중구 청계천로 400,중구,0.0,0.0
121,오이(다다기),1개,1400.0,이마트 청계점,서울특별시 중구 청계천로 400,중구,0.0,0.0
122,"호박(인큐베이터),중간",1개,1600.0,이마트 청계점,서울특별시 중구 청계천로 400,중구,0.0,0.0
123,"쇠고기(한우,불고기)",100g,6100.0,이마트 청계점,서울특별시 중구 청계천로 400,중구,37.5708427,127.0228252
124,돼지고기(생삼겹살),100g,2600.0,이마트 청계점,서울특별시 중구 청계천로 400,중구,37.5708427,127.0228252
125,닭고기(육계),1마리,9980.0,이마트 청계점,서울특별시 중구 청계천로 400,중구,37.5708427,127.0228252
126,달걀(30개),30개,6900.0,이마트 청계점,서울특별시 중구 청계천로 400,중구,37.5708427,127.0228252
127,"조기(생물,수입산)",1마리,5980.0,이마트 청계점,서울특별시 중구 청계천로 400,중구,37.5708427,127.0228252
128,"명태(냉동,수입산)",1마리,5900.0,이마트 청계점,서울특별시 중구 청계천로 400,중구,37.5708427,127.0228252
129,"오징어(생물,국산)",1마리,4400.0,이마트 청계점,서울특별시 중구 청계천로 400,중구,37.5708427,0.0
130,"고등어(생물,국산)",1마리,3490.0,이마트 청계점,서울특별시 중구 청계천로 400,중구,37.5708427,127.0228252
131,사과(부사),1개,1163.0,이마트 왕십리점,서울특별시 성동구 왕십리광장로 17,성동구,37.5612222,127.0371358
132,"배(신고, 600g)",1개,2950.0,이마트 왕십리점,서울특별시 성동구 왕십리광장로 17,성동구,37.5612222,127.0371358
133,배추,1포기,7480.0,이마트 왕십리점,서울특별시 성동구 왕십리광장로 17,성동구,37.5612222,0.0
134,무,1개,2480.0,이마트 왕십리점,서울특별시 성동구 왕십리광장로 17,성동구,37.5612222,127.0371358
135,양파(1.5kg망),1망,4980.0,이마트 왕십리점,서울특별시 성동구 왕십리광장로 17,성동구,37.5612222,127.0371358
136,상추(100g),100g,1090.0,이마트 왕십리점,서울특별시 성동구 왕십리광장로 17,성동구,37.5612222,127.0371358
137,오이(중간),1개,1396.0,이마트 왕십리점,서울특별시 성동구 왕십리광장로 17,성동구,37.5612222,127.0371358
138,호박(인큐베이터),1개,1380.0,이마트 왕십리점,서울특별시 성동구 왕십리광장로 17,성동구,37.5612222,127.0371358
139,쇠고기(한우1등급),100g,9080.0,이마트 왕십리점,서울특별시 성동구 왕십리광장로 17,성동구,37.5612222,127.0371358
140,돼지고기(삼겹살),100g,2800.0,이마트 왕십리점,서울특별시 성동구 왕십리광장로 17,성동구,37.5612222,127.0371358
141,닭고기,1마리,9680.0,이마트 왕십리점,서울특별시 성동구 왕십리광장로 17,성동구,37.5612222,127.0371358
142,달걀(10개),10개,4180.0,이마트 왕십리점,서울특별시 성동구 왕십리광장로 17,성동구,37.5612222,127.0371358
143,달걀(30개),30개,6580.0,이마트 왕십리점,서울특별시 성동구 왕십리광장로 17,성동구,37.5612222,127.0371358
144,"조기(국산,냉동)",1마리,2880.0,이마트 왕십리점,서울특별시 성동구 왕십리광장로 17,성동구,37.5612222,127.0371358
145,"명태(냉동,수입산)",1마리,4980.0,이마트 왕십리점,서울특별시 성동구 왕십리광장로 17,성동구,37.5612222,127.0371358
146,"오징어(냉동,국산)",1마리,2980.0,이마트 왕십리점,서울특별시 성동구 왕십리광장로 17,성동구,37.5612222,127.0371358
147,"고등어(냉동,국산)",1마리,4980.0,이마트 왕십리점,서울특별시 성동구 왕십리광장로 17,성동구,37.5612222,127.0371358
148,"사과(부사, 300g)",1개,1600.0,이마트 자양점,서울특별시 광진구 아차산로 272,광진구,37.538418,127.07323878135787
149,"배(신고, 600g)",1개,2950.0,이마트 자양점,서울특별시 광진구 아차산로 272,광진구,37.538418,127.07323878135787
150,배추(2.5~3kg),1포기,7480.0,이마트 자양점,서울특별시 광진구 아차산로 272,광진구,37.538418,127.07323878135787
151,무(1kg),1개,3100.0,이마트 자양점,서울특별시 광진구 아차산로 272,광진구,37.538418,127.07323878135787
152,양파,1.5kg,4150.0,이마트 자양점,서울특별시 광진구 아차산로 272,광진구,37.538418,127.07323878135787
153,상추(100g),100g,1740.0,이마트 자양점,서울특별시 광진구 아차산로 272,광진구,37.538418,127.07323878135787
154,오이,1개,920.0,이마트 자양점,서울특별시 광진구 아차산로 272,광진구,37.538418,127.07323878135787
155,애호박,1개,990.0,이마트 자양점,서울특별시 광진구 아차산로 272,광진구,37.538418,127.07323878135787
156,"쇠고기(한우,불고기)",100g,5880.0,이마트 자양점,서울특별시 광진구 아차산로 272,광진구,37.538418,127.07323878135787
157,돼지고기(생삼겹살),100g,5380.0,이마트 자양점,서울특별시 광진구 아차산로 272,광진구,37.538418,127.07323878135787
158,닭고기(육계),1kg.1마리,8980.0,이마트 자양점,서울특별시 광진구 아차산로 272,광진구,37.538418,127.07323878135787
159,달걀(10개),10개,3980.0,이마트 자양점,서울특별시 광진구 아차산로 272,광진구,37.538418,127.07323878135787
160,달걀(30개),30개,6480.0,이마트 자양점,서울특별시 광진구 아차산로 272,광진구,37.538418,127.07323878135787
161,"조기(냉동,수입산)",30cm.1마리,7980.0,이마트 자양점,서울특별시 광진구 아차산로 272,광진구,37.538418,127.07323878135787
162,"명태(냉동,수입산)",25cm.1마리,5980.0,이마트 자양점,서울특별시 광진구 아차산로 272,광진구,37.538418,127.07323878135787
163,"오징어(생물,국산)",25cm.1마리,5280.0,이마트 자양점,서울특별시 광진구 아차산로 272,광진구,37.538418,127.07323878135787
164,"고등어(냉동,수입산)",25cm.1마리,2990.0,이마트 자양점,서울특별시 광진구 아차산로 272,광진구,37.538418,127.07323878135787
165,사과,1개(305g),1790.0,홈플러스 동대문점,서울특별시 동대문구 천호대로 133,동대문구,37.5744199,127.0257949
166,배,1개(560g),4000.0,홈플러스 동대문점,서울특별시 동대문구 천호대로 133,동대문구,37.5744199,127.0257949
167,배추(2.5~3kg),2.5kg,12159.0,홈플러스 동대문점,서울특별시 동대문구 천호대로 133,동대문구,37.5744199,127.0257949
168,무(1kg),1kg,2238.0,홈플러스 동대문점,서울특별시 동대문구 천호대로 133,동대문구,37.5744199,127.0257949
169,양파(1.5kg망),1.5kg,4584.0,홈플러스 동대문점,서울특별시 동대문구 천호대로 133,동대문구,37.5744199,127.0257949
170,상추(100g),100g,1041.0,홈플러스 동대문점,서울특별시 동대문구 천호대로 133,동대문구,37.5744199,127.0257949
171,오이,1개,1590.0,홈플러스 동대문점,서울특별시 동대문구 천호대로 133,동대문구,37.5744199,127.0257949
172,애호박,1개,1590.0,홈플러스 동대문점,서울특별시 동대문구 천호대로 133,동대문구,37.5744199,127.0257949
173,"쇠고기(한우,불고기)",100g,6400.0,홈플러스 동대문점,서울특별시 동대문구 천호대로 133,동대문구,37.5744199,127.0257949
174,돼지고기(생삼겹살),100g,3990.0,홈플러스 동대문점,서울특별시 동대문구 천호대로 133,동대문구,37.5744199,127.0257949
175,닭고기(육계),1마리(1kg),8490.0,홈플러스 동대문점,서울특별시 동대문구 천호대로 133,동대문구,37.5744199,127.0257949
176,달걀(30개),30개(특란),7490.0,홈플러스 동대문점,서울특별시 동대문구 천호대로 133,동대문구,37.5744199,127.0257949
177,"조기(냉동,수입산)",1마리(257g),3990.0,홈플러스 동대문점,서울특별시 동대문구 천호대로 133,동대문구,37.5744199,127.0257949
178,"명태(생물,수입산)",1마리(677g),3000.0,홈플러스 동대문점,서울특별시 동대문구 천호대로 133,동대문구,37.5744199,127.0257949
179,"오징어(생물,국산)",1마리(344g),6850.0,홈플러스 동대문점,서울특별시 동대문구 천호대로 133,동대문구,37.5744199,127.0257949
180,고등어,자반(244g)1마리,2600.0,홈플러스 동대문점,서울특별시 동대문구 천호대로 133,동대문구,37.5744199,127.0257949
181,"사과(부사, 300g)",1개(400g),1798.0,이마트 상봉점,서울특별시 중랑구 망우동 상봉로 118,중랑구,37.5981369,127.0928736
182,"배(신고, 600g)",1개(550g),3200.0,이마트 상봉점,서울특별시 중랑구 망우동 상봉로 118,중랑구,37.5981369,127.0928736
183,배추(2.5~3kg),1포기(2.5kg),6780.0,이마트 상봉점,서울특별시 중랑구 망우동 상봉로 118,중랑구,37.5981369,127.0928736
184,무(1kg),1kg,2480.0,이마트 상봉점,서울특별시 중랑구 망우동 상봉로 118,중랑구,37.5981369,127.0928736
185,양파(1.5kg망),1.5kg,4150.0,이마트 상봉점,서울특별시 중랑구 망우동 상봉로 118,중랑구,37.5981369,127.0928736
186,오이(다다기),1개(100g),1196.0,이마트 상봉점,서울특별시 중랑구 망우동 상봉로 118,중랑구,37.5981369,127.0928736
187,상추(100g),100g,1740.0,이마트 상봉점,서울특별시 중랑구 망우동 상봉로 118,중랑구,37.5981369,127.0928736
188,호박,1개(200g),1780.0,이마트 상봉점,서울특별시 중랑구 망우동 상봉로 118,중랑구,37.5981369,127.0928736
189,"쇠고기(한우,불고기)",100g(불고기),4140.0,이마트 상봉점,서울특별시 중랑구 망우동 상봉로 118,중랑구,37.5981369,127.0928736
190,돼지고기(생삼겹살),100g(생삼겹살),2100.0,이마트 상봉점,서울특별시 중랑구 망우동 상봉로 118,중랑구,37.5981369,127.0928736
191,닭고기(육계),1마리1kg,6870.0,이마트 상봉점,서울특별시 중랑구 망우동 상봉로 118,중랑구,37.5981369,127.0928736
192,달걀(10개),10개(특란),3980.0,이마트 상봉점,서울특별시 중랑구 망우동 상봉로 118,중랑구,37.5981369,127.0928736
193,달걀(30개),30개(특란),7780.0,이마트 상봉점,서울특별시 중랑구 망우동 상봉로 118,중랑구,37.5981369,127.0928736
194,"조기(냉동,수입산)",1마리(20cm),2080.0,이마트 상봉점,서울특별시 중랑구 망우동 상봉로 118,중랑구,37.5981369,127.0928736
195,"명태(생물,수입산)",1마리(45cm),3590.0,이마트 상봉점,서울특별시 중랑구 망우동 상봉로 118,중랑구,37.5981369,127.0928736
196,"오징어(생물,국산)",1마리(25cm),4940.0,이마트 상봉점,서울특별시 중랑구 망우동 상봉로 118,중랑구,37.5981369,127.0928736
197,"고등어(30cm,수입산)",1마리(30cm),3000.0,이마트 상봉점,서울특별시 중랑구 망우동 상봉로 118,중랑구,37.5981369,127.0928736
198,"사과(부사, 300g)",1개,2380.0,홈플러스 중계점,서울특별시 노원구 동일로204가길 12,노원구,37.6400057,127.068672
199,"배(신고, 600g)",1개,3225.0,홈플러스 중계점,서울특별시 노원구 동일로204가길 12,노원구,37.6400057,127.068672
200,배추(2.5~3kg),1포기,7490.0,홈플러스 중계점,서울특별시 노원구 동일로204가길 12,노원구,37.6400057,127.068672
201,무(1kg),1개,3290.0,홈플러스 중계점,서울특별시 노원구 동일로204가길 12,노원구,37.6400057,127.068672
202,양파(1.5kg망),1망,4890.0,홈플러스 중계점,서울특별시 노원구 동일로204가길 12,노원구,37.6400057,127.068672
203,상추(100g),150g,2290.0,홈플러스 중계점,서울특별시 노원구 동일로204가길 12,노원구,37.6400057,127.068672
204,오이(다다기),1개,1590.0,홈플러스 중계점,서울특별시 노원구 동일로204가길 12,노원구,37.6400057,127.068672
205,애호박,1개,1590.0,홈플러스 중계점,서울특별시 노원구 동일로204가길 12,노원구,37.6400057,127.068672
206,"쇠고기(한우,불고기)",100g,6400.0,홈플러스 중계점,서울특별시 노원구 동일로204가길 12,노원구,37.6400057,127.068672
207,돼지고기(생삼겹살),100g,3990.0,홈플러스 중계점,서울특별시 노원구 동일로204가길 12,노원구,37.6400057,127.068672
208,닭고기(토종닭),1마리,14900.0,홈플러스 중계점,서울특별시 노원구 동일로204가길 12,노원구,37.6400057,127.068672
209,달걀(30개),30개,7490.0,홈플러스 중계점,서울특별시 노원구 동일로204가길 12,노원구,37.6400057,127.068672
210,"조기(국산,냉동)",1마리10cm,1500.0,홈플러스 중계점,서울특별시 노원구 동일로204가길 12,노원구,37.6400057,127.068672
211,"명태(러시아,냉동)",1마리30cm,4000.0,홈플러스 중계점,서울특별시 노원구 동일로204가길 12,노원구,37.6400057,127.068672
212,"오징어(생물,국산)",1마리25cm,6850.0,홈플러스 중계점,서울특별시 노원구 동일로204가길 12,노원구,37.6400057,127.068672
213,"고등어(30cm,수입산)",1마리25cm,3790.0,홈플러스 중계점,서울특별시 노원구 동일로204가길 12,노원구,37.6400057,127.068672
214,사과,1개(300g),1745.0,이마트 신도림점,서울특별시 구로구 새말로 97,구로구,37.5070735,126.8930094
215,배,1개(600g),3933.0,이마트 신도림점,서울특별시 구로구 새말로 97,구로구,37.5070735,126.8930094
216,배추(2.5~3kg),2.5kg,9350.0,이마트 신도림점,서울특별시 구로구 새말로 97,구로구,37.5070735,126.8930094
217,무(1kg),1개(1kg),2480.0,이마트 신도림점,서울특별시 구로구 새말로 97,구로구,37.5070735,126.8930094
218,양파(1.5kg망),1망(1.5kg),3320.0,이마트 신도림점,서울특별시 구로구 새말로 97,구로구,37.5070735,126.8930094
219,상추,100g,1090.0,이마트 신도림점,서울특별시 구로구 새말로 97,구로구,37.5070735,126.8930094
220,오이,1개,1396.0,이마트 신도림점,서울특별시 구로구 새말로 97,구로구,37.5070735,126.8930094
221,애호박,1개,1380.0,이마트 신도림점,서울특별시 구로구 새말로 97,구로구,37.5070735,126.8930094
222,"쇠고기(한우,불고기)",100g,7560.0,이마트 신도림점,서울특별시 구로구 새말로 97,구로구,37.5070735,126.8930094
223,돼지고기(생삼겹살),100g,3080.0,이마트 신도림점,서울특별시 구로구 새말로 97,구로구,37.5070735,126.8930094
224,닭고기(육계),1kg,14266.0,이마트 신도림점,서울특별시 구로구 새말로 97,구로구,37.5070735,126.8930094
225,달걀,30개,6480.0,이마트 신도림점,서울특별시 구로구 새말로 97,구로구,37.5070735,126.8930094
226,"조기(냉동,수입산)",1마리(20cm),4280.0,이마트 신도림점,서울특별시 구로구 새말로 97,구로구,37.5070735,126.8930094
227,"명태(냉동,수입산)",1마리(40cm),4980.0,이마트 신도림점,서울특별시 구로구 새말로 97,구로구,37.5070735,126.8930094
228,"오징어(냉동,국산)",1마리(30cm),3780.0,이마트 신도림점,서울특별시 구로구 새말로 97,구로구,37.5070735,126.8930094
229,"고등어(냉동,국산)",1마리(25cm),6980.0,이마트 신도림점,서울특별시 구로구 새말로 97,구로구,37.5070735,126.8930094
230,사과,1개 300g,1660.0,홈플러스 월드컵점,서울특별시 마포구 월드컵로 240,마포구,37.5620795,126.9037536
231,배,1개600g,3330.0,홈플러스 월드컵점,서울특별시 마포구 월드컵로 240,마포구,37.5620795,126.9037536
232,배추(2.5~3kg),1통,9680.0,홈플러스 월드컵점,서울특별시 마포구 월드컵로 240,마포구,37.5620795,126.9037536
233,무(1kg),1개,3680.0,홈플러스 월드컵점,서울특별시 마포구 월드컵로 240,마포구,37.5620795,126.9037536
234,양파(1.5kg망),1망,3980.0,홈플러스 월드컵점,서울특별시 마포구 월드컵로 240,마포구,37.5620795,126.9037536
235,상추,1봉지100g,2680.0,홈플러스 월드컵점,서울특별시 마포구 월드컵로 240,마포구,37.5620795,126.9037536
236,오이,1개,1180.0,홈플러스 월드컵점,서울특별시 마포구 월드컵로 240,마포구,37.5620795,126.9037536
237,애호박,1개,2160.0,홈플러스 월드컵점,서울특별시 마포구 월드컵로 240,마포구,37.5620795,126.9037536
238,"쇠고기(한우,불고기)",100g,5800.0,홈플러스 월드컵점,서울특별시 마포구 월드컵로 240,마포구,37.5620795,126.9037536
239,돼지고기(삼겹살),100g,2680.0,홈플러스 월드컵점,서울특별시 마포구 월드컵로 240,마포구,37.5620795,126.9037536
240,닭고기(육계),1kg,7600.0,홈플러스 월드컵점,서울특별시 마포구 월드컵로 240,마포구,37.5620795,126.9037536
241,달걀(10개),10개,3690.0,홈플러스 월드컵점,서울특별시 마포구 월드컵로 240,마포구,37.5620795,126.9037536
242,달걀(30개),30개,7690.0,홈플러스 월드컵점,서울특별시 마포구 월드컵로 240,마포구,37.5620795,126.9037536
243,"조기(냉동,수입산)",1마리28cm,3690.0,홈플러스 월드컵점,서울특별시 마포구 월드컵로 240,마포구,37.5620795,126.9037536
244,"명태(러시아,냉동)",1마리28cm,3490.0,홈플러스 월드컵점,서울특별시 마포구 월드컵로 240,마포구,37.5620795,126.9037536
245,"오징어(생물,국산)",1마리28cm,3990.0,홈플러스 월드컵점,서울특별시 마포구 월드컵로 240,마포구,37.5620795,126.9037536
246,"고등어(생물,국산)",1마리28cm,3330.0,홈플러스 월드컵점,서울특별시 마포구 월드컵로 240,마포구,37.5620795,126.9037536
247,"사과(부사, 300g)",1개,3266.0,세이브 마트,서울특별시 관악구 난곡로 220,관악구,37.4683824,126.9200519
248,"배(신고, 600g)",1개,3266.0,세이브 마트,서울특별시 관악구 난곡로 220,관악구,37.4683824,126.9200519
249,배추(2.5~3kg),1포기,15000.0,세이브 마트,서울특별시 관악구 난곡로 220,관악구,37.4683824,126.9200519
250,무(1kg),1개,3980.0,세이브 마트,서울특별시 관악구 난곡로 220,관악구,37.4683824,126.9200519
251,양파(1.5kg망),1망,4980.0,세이브 마트,서울특별시 관악구 난곡로 220,관악구,37.4683824,126.9200519
252,상추(100g),100g,980.0,세이브 마트,서울특별시 관악구 난곡로 220,관악구,37.4683824,126.9200519
253,오이(다다기),1개,990.0,세이브 마트,서울특별시 관악구 난곡로 220,관악구,37.4683824,126.9200519
254,호박(인큐베이터),1개,1980.0,세이브 마트,서울특별시 관악구 난곡로 220,관악구,37.4683824,126.9200519
255,"쇠고기(한우,불고기)",100g,2980.0,세이브 마트,서울특별시 관악구 난곡로 220,관악구,37.4683824,126.9200519
256,돼지고기(생삼겹살),100g,2450.0,세이브 마트,서울특별시 관악구 난곡로 220,관악구,37.4683824,126.9200519
257,닭고기(육계),1kg,8000.0,세이브 마트,서울특별시 관악구 난곡로 220,관악구,37.4683824,126.9200519
258,달걀(10개),10개,3590.0,세이브 마트,서울특별시 관악구 난곡로 220,관악구,37.4683824,126.9200519
259,달걀(30개),30개,7600.0,세이브 마트,서울특별시 관악구 난곡로 220,관악구,37.4683824,126.9200519
260,"조기(국산,냉동)",1마리(18cm),1333.0,세이브 마트,서울특별시 관악구 난곡로 220,관악구,37.4683824,126.9200519
261,"명태(냉동,수입산)",1마리(46cm),4000.0,세이브 마트,서울특별시 관악구 난곡로 220,관악구,37.4683824,126.9200519
262,"오징어(냉동,국산)",1마리(24cm),4900.0,세이브 마트,서울특별시 관악구 난곡로 220,관악구,37.4683824,126.9200519
263,"고등어(생물,국산)",1마리(34cm),8000.0,세이브 마트,서울특별시 관악구 난곡로 220,관악구,37.4683824,126.9200519
264,"사과(부사, 300g)",300g,1600.0,홈플러스 잠실점,서울특별시 송파구 신천로6길 16,송파구,0.0,0.0
265,"배(신고, 600g)",600g,3227.0,홈플러스 잠실점,서울특별시 송파구 신천로6길 16,송파구,0.0,0.0
266,배추(2.5~3kg),2.5kg,7490.0,홈플러스 잠실점,서울특별시 송파구 신천로6길 16,송파구,0.0,0.0
267,무(1kg),1kg,3290.0,홈플러스 잠실점,서울특별시 송파구 신천로6길 16,송파구,0.0,0.0
268,양파(1.5kg망),1.5kg,4790.0,홈플러스 잠실점,서울특별시 송파구 신천로6길 16,송파구,0.0,0.0
269,상추(100g),100g,2290.0,홈플러스 잠실점,서울특별시 송파구 신천로6길 16,송파구,0.0,0.0
270,오이(다다기),1개,1496.0,홈플러스 잠실점,서울특별시 송파구 신천로6길 16,송파구,0.0,0.0
271,호박(인큐베이터),1개,1590.0,홈플러스 잠실점,서울특별시 송파구 신천로6길 16,송파구,0.0,0.0
272,"쇠고기(한우,불고기)",100g1+급,4796.0,홈플러스 잠실점,서울특별시 송파구 신천로6길 16,송파구,0.0,0.0
273,돼지고기(생삼겹살),100g,1190.0,홈플러스 잠실점,서울특별시 송파구 신천로6길 16,송파구,0.0,0.0
274,닭고기(토종닭),1kg,11333.0,홈플러스 잠실점,서울특별시 송파구 신천로6길 16,송파구,0.0,0.0
275,달걀(10개),10개,3890.0,홈플러스 잠실점,서울특별시 송파구 신천로6길 16,송파구,0.0,0.0
276,달걀(30개),30개,7990.0,홈플러스 잠실점,서울특별시 송파구 신천로6길 16,송파구,0.0,0.0
277,"냉동참조기(20cm,국산)",1마리,3990.0,홈플러스 잠실점,서울특별시 송파구 신천로6길 16,송파구,0.0,0.0
278,"명태(러시아,냉동)",1마리,4000.0,홈플러스 잠실점,서울특별시 송파구 신천로6길 16,송파구,0.0,0.0
279,"오징어(생물,국산)",1마리,5480.0,홈플러스 잠실점,서울특별시 송파구 신천로6길 16,송파구,0.0,0.0
280,"고등어(30cm,국산)",1마리,4500.0,홈플러스 잠실점,서울특별시 송파구 신천로6길 16,송파구,0.0,0.0
281,"사과(부사, 300g)",1개,1750.0,이마트 명일점,서울특별시 강동구 고덕로 276,강동구,37.5547286,127.1364591
282,"배(신고, 600g)",1개,2730.0,이마트 명일점,서울특별시 강동구 고덕로 276,강동구,37.5547286,127.1364591
283,배추(국산),1포기,7480.0,이마트 명일점,서울특별시 강동구 고덕로 276,강동구,37.5547286,127.1364591
284,무(1kg),1개,3100.0,이마트 명일점,서울특별시 강동구 고덕로 276,강동구,37.5547286,127.1364591
285,양파,작은망(1.8kg),4980.0,이마트 명일점,서울특별시 강동구 고덕로 276,강동구,37.5547286,127.1364591
286,상추,100g,1740.0,이마트 명일점,서울특별시 강동구 고덕로 276,강동구,37.5547286,127.1364591
287,오이(다다기),1개,920.0,이마트 명일점,서울특별시 강동구 고덕로 276,강동구,37.5547286,127.1364591
288,애호박,1개,990.0,이마트 명일점,서울특별시 강동구 고덕로 276,강동구,37.5547286,127.1364591
289,"쇠고기(한우,불고기)",100g,5880.0,이마트 명일점,서울특별시 강동구 고덕로 276,강동구,37.5547286,127.1364591
290,돼지고기(생삼겹살),100g,2880.0,이마트 명일점,서울특별시 강동구 고덕로 276,강동구,37.5547286,127.1364591
291,닭고기(토종닭),1kg,14267.0,이마트 명일점,서울특별시 강동구 고덕로 276,강동구,37.5547286,127.1364591
292,달걀(10개),특란,3980.0,이마트 명일점,서울특별시 강동구 고덕로 276,강동구,37.5547286,127.1364591
293,달걀(30개),특란,6480.0,이마트 명일점,서울특별시 강동구 고덕로 276,강동구,37.5547286,127.1364591
294,"조기(냉동,국산)",1마리,1480.0,이마트 명일점,서울특별시 강동구 고덕로 276,강동구,37.5547286,127.1364591
295,"명태(냉동,수입산)",1마리,5980.0,이마트 명일점,서울특별시 강동구 고덕로 276,강동구,37.5547286,127.1364591
296,"오징어(생물,국산)",1마리,5280.0,이마트 명일점,서울특별시 강동구 고덕로 276,강동구,37.5547286,127.1364591
297,"고등어(생물,국산)",1마리,2940.0,이마트 명일점,서울특별시 강동구 고덕로 276,강동구,37.5547286,127.1364591
298,사과,1개312g,1495.0,뉴코아아울렛 강남점,서울특별시 서초구 잠원로 51,서초구,37.5205209,127.0154916
299,"배(신고, 600g)",1개600g,2580.0,뉴코아아울렛 강남점,서울특별시 서초구 잠원로 51,서초구,37.5205209,127.0154916
300,배추(2.5~3kg),1개2980g,11900.0,뉴코아아울렛 강남점,서울특별시 서초구 잠원로 51,서초구,37.5205209,127.0154916
301,무(1kg),1kg,2256.0,뉴코아아울렛 강남점,서울특별시 서초구 잠원로 51,서초구,37.5205209,127.0154916
302,양파(1.5kg망),1.5kg망,4590.0,뉴코아아울렛 강남점,서울특별시 서초구 잠원로 51,서초구,37.5205209,127.0154916
303,상추(100g),100g,2490.0,뉴코아아울렛 강남점,서울특별시 서초구 잠원로 51,서초구,37.5205209,127.0154916
304,오이,1개194g,863.0,뉴코아아울렛 강남점,서울특별시 서초구 잠원로 51,서초구,37.5205209,127.0154916
305,호박,1개309g,1990.0,뉴코아아울렛 강남점,서울특별시 서초구 잠원로 51,서초구,37.5205209,127.0154916
306,"쇠고기(한우,불고기)",100g,3990.0,뉴코아아울렛 강남점,서울특별시 서초구 잠원로 51,서초구,37.5205209,127.0154916
307,돼지고기(생삼겹살),100g,2390.0,뉴코아아울렛 강남점,서울특별시 서초구 잠원로 51,서초구,37.5205209,127.0154916
308,닭고기(육계),"1마리1,000g",7990.0,뉴코아아울렛 강남점,서울특별시 서초구 잠원로 51,서초구,37.5205209,127.0154916
309,달걀(30개),"1,560g",7990.0,뉴코아아울렛 강남점,서울특별시 서초구 잠원로 51,서초구,37.5205209,127.0154916
310,"조기(국산,생물)",1마리22cm,5990.0,뉴코아아울렛 강남점,서울특별시 서초구 잠원로 51,서초구,37.5205209,127.0154916
311,"명태(냉동,수입산)",1마리0.832kg,6990.0,뉴코아아울렛 강남점,서울특별시 서초구 잠원로 51,서초구,37.5205209,127.0154916
312,"오징어(냉동,국산)",1마리27cm,5450.0,뉴코아아울렛 강남점,서울특별시 서초구 잠원로 51,서초구,37.5205209,127.0154916
313,"고등어(생물,국산)",1마리23cm,5990.0,뉴코아아울렛 강남점,서울특별시 서초구 잠원로 51,서초구,37.5205209,127.0154916
314,"사과(부사, 300g)",1개,3170.0,하나로클럽 미아점,서울특별시 강북구 도봉로33길 18,강북구,37.6213967,127.0266691
315,"배(신고, 600g)",1개,3670.0,하나로클럽 미아점,서울특별시 강북구 도봉로33길 18,강북구,37.6213967,127.0266691
316,배추,1포기,9980.0,하나로클럽 미아점,서울특별시 강북구 도봉로33길 18,강북구,37.6213967,127.0266691
317,무(세척무),1개,3740.0,하나로클럽 미아점,서울특별시 강북구 도봉로33길 18,강북구,37.6213967,127.0266691
318,양파(1.5kg망),1망,4150.0,하나로클럽 미아점,서울특별시 강북구 도봉로33길 18,강북구,37.6213967,127.0266691
319,상추(100g),100g,990.0,하나로클럽 미아점,서울특별시 강북구 도봉로33길 18,강북구,37.6213967,127.0266691
320,오이(다다기),1개,990.0,하나로클럽 미아점,서울특별시 강북구 도봉로33길 18,강북구,37.6213967,127.0266691
321,호박(인큐베이터),1개,1280.0,하나로클럽 미아점,서울특별시 강북구 도봉로33길 18,강북구,37.6213967,127.0266691
322,"쇠고기(한우,불고기)",100g,3580.0,하나로클럽 미아점,서울특별시 강북구 도봉로33길 18,강북구,37.6213967,127.0266691
323,돼지고기(생삼겹살),100g,2790.0,하나로클럽 미아점,서울특별시 강북구 도봉로33길 18,강북구,37.6213967,127.0266691
324,닭고기(중간),1마리,5800.0,하나로클럽 미아점,서울특별시 강북구 도봉로33길 18,강북구,37.6213967,127.0266691
325,달걀(30개),30개,6980.0,하나로클럽 미아점,서울특별시 강북구 도봉로33길 18,강북구,37.6213967,127.0266691
326,"조기(냉동,수입산)",1마리,3900.0,하나로클럽 미아점,서울특별시 강북구 도봉로33길 18,강북구,37.6213967,127.0266691
327,"명태(냉동,수입산)",1마리,2900.0,하나로클럽 미아점,서울특별시 강북구 도봉로33길 18,강북구,37.6213967,127.0266691
328,"오징어(냉동,국산)",1마리,6950.0,하나로클럽 미아점,서울특별시 강북구 도봉로33길 18,강북구,37.6213967,127.0266691
329,"고등어(생물,국산)",1마리,3900.0,하나로클럽 미아점,서울특별시 강북구 도봉로33길 18,강북구,37.6213967,127.0266691
330,사과,1개,2300.0,이마트 목동점,서울특별시 양천구 오목로 299,양천구,37.5260504,126.8651705
331,배(신고),1개,5000.0,이마트 목동점,서울특별시 양천구 오목로 299,양천구,37.5260504,126.8651705
332,배추,1포기,7480.0,이마트 목동점,서울특별시 양천구 오목로 299,양천구,37.5260504,126.8651705
333,무,1개,2480.0,이마트 목동점,서울특별시 양천구 오목로 299,양천구,37.5260504,126.8651705
334,양파,1.5kg,4150.0,이마트 목동점,서울특별시 양천구 오목로 299,양천구,37.5260504,126.8651705
335,상추,100g,1090.0,이마트 목동점,서울특별시 양천구 오목로 299,양천구,37.5260504,126.8651705
336,오이,1개,1400.0,이마트 목동점,서울특별시 양천구 오목로 299,양천구,37.5260504,126.8651705
337,호박,1개,1380.0,이마트 목동점,서울특별시 양천구 오목로 299,양천구,37.5260504,126.8651705
338,"쇠고기(한우,불고기)",100g,8770.0,이마트 목동점,서울특별시 양천구 오목로 299,양천구,37.5260504,126.8651705
339,돼지고기(삼겹살),100g,2980.0,이마트 목동점,서울특별시 양천구 오목로 299,양천구,37.5260504,126.8651705
340,닭고기,1kg,6980.0,이마트 목동점,서울특별시 양천구 오목로 299,양천구,37.5260504,126.8651705
341,달걀(30개),30개,6480.0,이마트 목동점,서울특별시 양천구 오목로 299,양천구,37.5260504,126.8651705
342,"조기(냉동,국산)",1마리,1280.0,이마트 목동점,서울특별시 양천구 오목로 299,양천구,37.5260504,126.8651705
343,동태,1마리,5980.0,이마트 목동점,서울특별시 양천구 오목로 299,양천구,37.5260504,126.8651705
344,"오징어(생물,국산)",1마리,5980.0,이마트 목동점,서울특별시 양천구 오목로 299,양천구,37.5260504,126.8651705
345,"고등어(냉동,수입산)",1마리,5980.0,이마트 목동점,서울특별시 양천구 오목로 299,양천구,37.5260504,126.8651705
346,사과,1개(320g),1290.0,롯데슈퍼,서울특별시 서대문구 홍은동 400-12,서대문구,37.59296,126.93733
347,배,1개(600g),1990.0,롯데슈퍼,서울특별시 서대문구 홍은동 400-12,서대문구,37.59296,126.93733
348,배추,1포기(2.3kg),8740.0,롯데슈퍼,서울특별시 서대문구 홍은동 400-12,서대문구,37.59296,126.93733
349,무,1kg,2347.0,롯데슈퍼,서울특별시 서대문구 홍은동 400-12,서대문구,37.59296,126.93733
350,양파,1.5kg,3743.0,롯데슈퍼,서울특별시 서대문구 홍은동 400-12,서대문구,37.59296,126.93733
351,상추,100g,1910.0,롯데슈퍼,서울특별시 서대문구 홍은동 400-12,서대문구,37.59296,126.93733
352,오이(다다기),1개,750.0,롯데슈퍼,서울특별시 서대문구 홍은동 400-12,서대문구,37.59296,126.93733
353,애호박,1개,1290.0,롯데슈퍼,서울특별시 서대문구 홍은동 400-12,서대문구,37.59296,126.93733
354,"쇠고기(한우,불고기)",100g(1등급 앞다리1+1),4990.0,롯데슈퍼,서울특별시 서대문구 홍은동 400-12,서대문구,37.59296,126.93733
355,돼지고기(삼겹살),100g(1등급),3490.0,롯데슈퍼,서울특별시 서대문구 홍은동 400-12,서대문구,37.59296,126.93733
356,닭고기(토종닭),1kg,9083.0,롯데슈퍼,서울특별시 서대문구 홍은동 400-12,서대문구,37.59296,126.93733
357,달걀(30개),"30개(대란 1,560g)",8990.0,롯데슈퍼,서울특별시 서대문구 홍은동 400-12,서대문구,37.59296,126.93733
358,"조기(국산,생물)",1마리(22cm),4300.0,롯데슈퍼,서울특별시 서대문구 홍은동 400-12,서대문구,37.59296,126.93733
359,"명태(러시아,냉동)",1마리(32cm),3490.0,롯데슈퍼,서울특별시 서대문구 홍은동 400-12,서대문구,37.59296,126.93733
360,"오징어(생물,국산)",1마리(22m),6000.0,롯데슈퍼,서울특별시 서대문구 홍은동 400-12,서대문구,37.59296,126.93733
361,"고등어(생물,국산)",1마리(26cm),5400.0,롯데슈퍼,서울특별시 서대문구 홍은동 400-12,서대문구,37.59296,126.93733
362,"사과(부사, 300g)",1개,1750.0,홈플러스 독산점,서울특별시 금천구 시흥대로 391,금천구,37.4682281,126.8968206
363,"배(신고, 600g)",1개,3300.0,홈플러스 독산점,서울특별시 금천구 시흥대로 391,금천구,37.4682281,126.8968206
364,배추(2.5~3kg),1개,9500.0,홈플러스 독산점,서울특별시 금천구 시흥대로 391,금천구,37.4682281,126.8968206
365,무(1kg),1개,3300.0,홈플러스 독산점,서울특별시 금천구 시흥대로 391,금천구,37.4682281,126.8968206
366,양파(1.5kg망),1개,1200.0,홈플러스 독산점,서울특별시 금천구 시흥대로 391,금천구,37.4682281,126.8968206
367,상추(100g),1개,2400.0,홈플러스 독산점,서울특별시 금천구 시흥대로 391,금천구,37.4682281,126.8968206
368,오이(다다기),1개,1000.0,홈플러스 독산점,서울특별시 금천구 시흥대로 391,금천구,37.4682281,126.8968206
369,호박(인큐베이터),1개,2000.0,홈플러스 독산점,서울특별시 금천구 시흥대로 391,금천구,37.4682281,126.8968206
370,"쇠고기(한우,불고기)",1등급(100g),5291.0,홈플러스 독산점,서울특별시 금천구 시흥대로 391,금천구,37.4682281,126.8968206
371,돼지고기(생삼겹살),1등급(100g),3236.0,홈플러스 독산점,서울특별시 금천구 시흥대로 391,금천구,37.4682281,126.8968206
372,닭고기(육계),1마리(1kg),8500.0,홈플러스 독산점,서울특별시 금천구 시흥대로 391,금천구,37.4682281,126.8968206
373,달걀(10개),10개,4000.0,홈플러스 독산점,서울특별시 금천구 시흥대로 391,금천구,37.4682281,126.8968206
374,달걀(30개),30개,8000.0,홈플러스 독산점,서울특별시 금천구 시흥대로 391,금천구,37.4682281,126.8968206
375,"조기(냉동,국산)",1마리(25cm),4000.0,홈플러스 독산점,서울특별시 금천구 시흥대로 391,금천구,37.4682281,126.8968206
376,"명태(러시아,냉동)",1마리(45cm),4500.0,홈플러스 독산점,서울특별시 금천구 시흥대로 391,금천구,37.4682281,126.8968206
377,"오징어(생물,국산)",1마리(25cm),8000.0,홈플러스 독산점,서울특별시 금천구 시흥대로 391,금천구,37.4682281,126.8968206
378,"고등어(생물,수입산)",1마리(25cm),4000.0,홈플러스 독산점,서울특별시 금천구 시흥대로 391,금천구,37.4682281,126.8968206
379,"사과(부사, 300g)",1개,1990.0,이마트 이수점,서울특별시 동작구 사당동 사당로 300,동작구,37.4844202,126.9793859
380,"배(신고, 600g)",1개,2950.0,이마트 이수점,서울특별시 동작구 사당동 사당로 300,동작구,37.4844202,126.9793859
381,배추(국산),1포기,4980.0,이마트 이수점,서울특별시 동작구 사당동 사당로 300,동작구,37.4844202,126.9793859
382,무(세척무),1개,2480.0,이마트 이수점,서울특별시 동작구 사당동 사당로 300,동작구,37.4844202,126.9793859
383,양파(1.5kg망),1.5kg,4150.0,이마트 이수점,서울특별시 동작구 사당동 사당로 300,동작구,37.4844202,126.9793859
384,상추(100g),100g,1240.0,이마트 이수점,서울특별시 동작구 사당동 사당로 300,동작구,37.4844202,126.9793859
385,오이(다다기),1개,1390.0,이마트 이수점,서울특별시 동작구 사당동 사당로 300,동작구,37.4844202,126.9793859
386,애호박,1개,1380.0,이마트 이수점,서울특별시 동작구 사당동 사당로 300,동작구,37.4844202,126.9793859
387,"쇠고기(한우,불고기)",100g,5880.0,이마트 이수점,서울특별시 동작구 사당동 사당로 300,동작구,37.4844202,126.9793859
388,돼지고기(생삼겹살),100g,3080.0,이마트 이수점,서울특별시 동작구 사당동 사당로 300,동작구,37.4844202,126.9793859
389,닭고기(육계),1마리(1kg),6980.0,이마트 이수점,서울특별시 동작구 사당동 사당로 300,동작구,37.4844202,126.9793859
390,달걀(10개),10개,6280.0,이마트 이수점,서울특별시 동작구 사당동 사당로 300,동작구,37.4844202,126.9793859
391,달걀(30개),30개,6480.0,이마트 이수점,서울특별시 동작구 사당동 사당로 300,동작구,37.4844202,126.9793859
392,"조기(국산,냉동)",1마리,2880.0,이마트 이수점,서울특별시 동작구 사당동 사당로 300,동작구,37.4844202,126.9793859
393,"명태(냉동,수입산)",1마리,5980.0,이마트 이수점,서울특별시 동작구 사당동 사당로 300,동작구,37.4844202,126.9793859
394,"오징어(냉동,국산)",1마리,3780.0,이마트 이수점,서울특별시 동작구 사당동 사당로 300,동작구,37.4844202,126.9793859
395,"고등어(냉동,수입산)",1마리,2990.0,이마트 이수점,서울특별시 동작구 사당동 사당로 300,동작구,37.4844202,126.9793859
